Index,"Region, development group, country or area of destination",Notes of destination,Location code of destination,Type of data of destination,"Region, development group, country or area of origin",Location code of origin,1990,1995,2000,2005,2010,2015,2020
213,   Eritrea,,232,I R,   China*,156,8,53,98,102,112,135,117
218,   Eritrea,,232,I R,   India,356,39,54,70,83,99,119,103
402,   Madagascar,,450,C R,   China*,156, 1 481, 1 312, 1 458, 1 609, 1 784, 1 979, 2 193
405,   Madagascar,,450,C R,   India,356, 1 171, 1 037, 1 152, 1 282, 1 425, 1 581, 1 751
458,   Malawi,,454,B R,   India,356, 1 362, 2 683, 2 583, 2 462, 2 419, 2 083, 1 770
520,   Mauritius*,,480,C,   China*,156,346, 3 273, 8 024, 5 151, 2 564, 2 951, 2 981
524,   Mauritius*,,480,C,   India,356,515, 1 483, 3 278, 5 252, 7 517, 8 651, 8 778
531,   Mauritius*,,480,C,   Russian Federation,643,34,28,38,39,43,49,48
643,   Mozambique,,508,B R,   India,356,900, 1 238, 1 441, 1 980, 2 256, 2 338, 2 455
816,   Seychelles,,690,B,   China*,156,58,80,103,279,456,510,519
820,   Seychelles,,690,B,   India,356, 1 276, 1 651, 2 026, 3 907, 5 788, 6 482, 6 628
831,   Seychelles,,690,B,   Russian Federation,643,79,45,11,48,86,96,97
945,   South Sudan,,728,B R,   India,356,..,..,..,.., 1 364, 1 414, 1 449
1006,   Uganda,,800,B R,   China*,156,137,129,374,362,364,366,341
1018,   Uganda,,800,B R,   India,356, 1 313, 1 244, 3 591, 3 476, 3 497, 3 520, 3 277
1033,   Uganda,,800,B R,   Russian Federation,643,295,279,279,270,271,272,253
1105,   United Republic of Tanzania*,,834,B R,   India,356, 4 968, 6 308, 6 642, 7 198, 7 629, 8 010, 7 135
1179,   Zambia,,894,B R,   China*,156,100,128,166,408, 1 007,887, 1 241
1185,   Zambia,,894,B R,   India,356, 4 284, 3 854, 3 468, 4 007, 4 630, 4 078, 5 709
1369,  Middle Africa,,911,,   China*,156,390,470,638,487,921, 1 240, 1 261
1372,  Middle Africa,,911,,"   China, Taiwan Province of China*",158,..,..,..,..,..,..,..
1391,  Middle Africa,,911,,   India,356,..,..,..,..,..,..,..
1411,  Middle Africa,,911,,   Syrian Arab Republic,760,9,12,15,16,18,26,27
1422,  Middle Africa,,911,,   Russian Federation,643,953, 1 106, 1 487,976, 2 097, 2 712, 2 701
1496,  Middle Africa,,911,,   Mexico,484,..,..,..,..,..,..,..
1734,   Central African Republic,,140,C R,   Russian Federation,643,163,193,207,162,159,136,143
1858,   Congo,,178,B R,   China*,156,283,327,459,292,695,924,917
1870,   Congo,,178,B R,   Russian Federation,643,790,913, 1 280,814, 1 938, 2 576, 2 558
2043,   Gabon,,266,C R,   China*,156,107,143,179,195,226,316,344
2065,   Gabon,,266,C R,   Syrian Arab Republic,760,9,12,15,16,18,26,27
2237,  Northern Africa,,912,,   China*,156, 3 523, 4 012, 4 572, 5 053, 4 672, 4 670, 5 587
2240,  Northern Africa,,912,,"   China, Taiwan Province of China*",158,..,..,..,..,..,..,..
2259,  Northern Africa,,912,,   India,356, 5 348, 6 029, 6 825, 7 408, 6 871, 6 903, 8 180
2279,  Northern Africa,,912,,   Syrian Arab Republic,760, 25 597, 27 747, 30 840, 33 406, 36 872, 142 359, 182 938
2290,  Northern Africa,,912,,   Russian Federation,643, 42 184, 26 485, 11 610, 13 031, 14 160, 12 798, 16 055
2364,  Northern Africa,,912,,   Mexico,484,71,57,48,57,62,42,64
2468,   Algeria,,12,B R,   Russian Federation,643, 6 287, 3 545,802,634,696,757,785
2473,   Algeria,,12,B R,   Syrian Arab Republic,760, 3 550, 3 312, 3 073, 2 429, 2 669, 6 211, 7 757
2553,   Egypt,,818,B R,   China*,156,479,501,562,669,720,495,771
2580,   Egypt,,818,B R,   India,356,801,823,910, 1 083, 1 165,800, 1 249
2605,   Egypt,,818,B R,   Mexico,484,71,57,48,57,62,42,64
2625,   Egypt,,818,B R,   Russian Federation,643, 9 311, 7 112, 5 477, 6 521, 7 014, 4 820, 7 536
2641,   Egypt,,818,B R,   Syrian Arab Republic,760, 5 259, 5 198, 5 549, 6 606, 7 105, 104 635, 125 673
2723,   Libya,,434,C R,   China*,156, 1 366, 1 800, 2 264, 2 494, 2 737, 3 064, 3 280
2739,   Libya,,434,C R,   India,356, 2 288, 2 902, 3 564, 3 928, 4 310, 4 826, 5 167
2768,   Libya,,434,C R,   Russian Federation,643, 26 586, 15 828, 5 331, 5 876, 6 450, 7 221, 7 734
2780,   Libya,,434,C R,   Syrian Arab Republic,760, 15 014, 17 576, 20 428, 22 517, 24 709, 27 666, 44 450
2855,   Morocco,,504,C R,   Syrian Arab Republic,760, 1 399, 1 284, 1 353, 1 436, 1 560, 2 619, 3 676
2911,   Sudan,3,729,B R,   China*,156, 1 678, 1 711, 1 746, 1 890, 1 215, 1 111, 1 536
2915,   Sudan,3,729,B R,   India,356, 2 259, 2 304, 2 351, 2 397, 1 396, 1 277, 1 764
2987,   Tunisia,,788,C R,   Syrian Arab Republic,760,375,377,437,418,829, 1 228, 1 382
3158,  Southern Africa,,913,,   China*,156, 14 319, 13 638, 15 381, 19 007, 17 731, 15 518, 15 164
3161,  Southern Africa,,913,,"   China, Taiwan Province of China*",158,..,..,..,..,..,..,..
3180,  Southern Africa,,913,,   India,356, 11 628, 14 552, 21 053, 27 116, 40 631, 40 865, 36 708
3200,  Southern Africa,,913,,   Syrian Arab Republic,760,113,70,49,64,93,119,138
3211,  Southern Africa,,913,,   Russian Federation,643, 1 865, 1 780, 2 024, 2 349, 3 186, 3 967, 4 564
3285,  Southern Africa,,913,,   Mexico,484,78,86,120,158,230,296,343
3382,   Botswana,,72,B R,   China*,156,874, 1 055, 1 348, 2 720, 4 111, 4 466, 4 777
3386,   Botswana,,72,B R,   India,356, 1 967, 2 375, 3 032, 3 936, 4 863, 5 282, 5 650
3527,   Lesotho,,426,C R,   China*,156,162,140,114,116,118,168,221
3529,   Lesotho,,426,C R,   India,356,308,266,215,219,223,318,419
3609,   Namibia,,516,B R,   China*,156, 4 593, 4 392, 4 078, 3 224, 3 106, 3 039, 3 252
3623,   Namibia,,516,B R,   India,356,997,953,886,700,674,659,704
3650,   Namibia,,516,B R,   Russian Federation,643,672,642,597,472,454,444,474
3748,   South Africa,,710,B R,   China*,156, 8 690, 8 051, 9 841, 12 947, 10 396, 7 845, 6 914
3778,   South Africa,,710,B R,   India,356, 8 356, 10 958, 16 920, 22 261, 34 871, 34 606, 29 935
3806,   South Africa,,710,B R,   Mexico,484,78,86,120,158,230,296,343
3835,   South Africa,,710,B R,   Russian Federation,643, 1 193, 1 138, 1 427, 1 877, 2 732, 3 523, 4 090
3853,   South Africa,,710,B R,   Syrian Arab Republic,760,113,70,49,64,93,119,138
3983,  Western Africa,,914,,   China*,156, 1 255, 1 208, 1 163, 1 383, 3 863, 4 733, 5 365
3986,  Western Africa,,914,,"   China, Taiwan Province of China*",158,..,..,..,..,..,..,..
4005,  Western Africa,,914,,   India,356, 1 633, 1 603, 1 633, 1 599, 1 959, 2 592, 2 634
4025,  Western Africa,,914,,   Syrian Arab Republic,760,192,204,214,217,155,382,670
4036,  Western Africa,,914,,   Russian Federation,643, 1 095, 1 044,963, 1 246, 1 290, 1 312, 1 426
4110,  Western Africa,,914,,   Mexico,484,4,5,6,5,3,3,2
4323,   Cabo Verde,,132,B R,   China*,156,30,41,51,37,22,23,23
4336,   Cabo Verde,,132,B R,   Mexico,484,4,5,6,5,3,3,2
4344,   Cabo Verde,,132,B R,   Russian Federation,643,55,74,92,382,672,698,737
4531,   Ghana,,288,B R,   China*,156,121,121,135,190,189,232,266
4538,   Ghana,,288,B R,   India,356,454,452,506,712,708,871,999
4554,   Ghana,,288,B R,   Russian Federation,643,47,47,52,73,55,67,76
4560,   Ghana,,288,B R,   Syrian Arab Republic,760,37,37,41,58,43,52,58
4650,   Guinea,,324,C B R,   China*,156,134,154,166,116,81,169,161
4678,   Guinea,,324,C B R,   India,356,..,..,..,..,..,49,45
4721,   Guinea,,324,C B R,   Russian Federation,643,478,551,596,298,149,39,36
4741,   Guinea,,324,C B R,   Syrian Arab Republic,760,30,34,36,20,15,8,6
4875,   Liberia,,430,B R,   India,356,774,756,742,546,712,817,631
4953,   Mali,,466,B R,   China*,156,301,190,76,309, 2 795, 3 439, 4 035
4979,   Mali,,466,B R,   Russian Federation,643,384,240,92,376,311,381,445
5054,   Mauritania,,478,C R,   China*,156,142,151,156,158,110,158,172
5072,   Mauritania,,478,C R,   Russian Federation,643,56,59,60,61,42,60,64
5077,   Mauritania,,478,C R,   Syrian Arab Republic,760,125,133,137,139,97,322,606
5381,   Sierra Leone,,694,B R,   China*,156,280,273,266,221,207,195,187
5390,   Sierra Leone,,694,B R,   India,356,405,395,385,341,539,855,959
5405,   Sierra Leone,,694,B R,   Russian Federation,643,75,73,71,56,61,67,68
5471,   Togo,,768,C R,   China*,156,247,278,313,352,459,517,521
5607, ASIA,,935,,   China*,156,2 842 685,3 088 250,3 334 091,4 064 844,4 629 870,5 092 275,5 337 025
5610, ASIA,,935,,"   China, Taiwan Province of China*",158,..,..,..,..,..,..,..
5629, ASIA,,935,,   India,356,5 347 170,5 434 341,5 726 354,6 643 181,9 336 552,10 940 993,12 156 218
5649, ASIA,,935,,   Syrian Arab Republic,760, 443 703, 457 823, 475 689, 550 902, 769 181,5 622 002,6 768 403
5660, ASIA,,935,,   Russian Federation,643,5 023 667,4 457 415,3 936 483,3 851 008,3 805 188,3 900 974,4 023 747
5734, ASIA,,935,,   Mexico,484, 2 292, 3 129, 3 940, 4 330, 4 838, 5 097, 5 680
5890,  Central Asia,,5500,,   China*,156, 1 539, 1 814, 2 078, 2 236, 2 390, 2 481, 2 582
5893,  Central Asia,,5500,,"   China, Taiwan Province of China*",158,..,..,..,..,..,..,..
5912,  Central Asia,,5500,,   India,356,935,760,654,630,628,617,618
5932,  Central Asia,,5500,,   Syrian Arab Republic,760,..,..,..,..,..,..,..
5943,  Central Asia,,5500,,   Russian Federation,643,4 572 375,4 093 296,3 643 832,3 590 729,3 566 031,3 651 348,3 765 517
6017,  Central Asia,,5500,,   Mexico,484,..,..,..,..,..,..,..
6113,   Kazakhstan,,398,B R,   China*,156,695, 1 142, 1 588, 1 811, 2 033, 2 162, 2 274
6122,   Kazakhstan,,398,B R,   Russian Federation,643,2 474 111,2 253 497,2 032 883,2 122 379,2 211 875,2 352 598,2 476 018
6180,   Kyrgyzstan,,417,B R,   China*,156,770,612,438,375,308,271,262
6193,   Kyrgyzstan,,417,B R,   Russian Federation,643, 349 174, 284 678, 212 391, 170 969, 126 897, 111 753, 108 854
6257,   Tajikistan,,762,B R,   China*,156,74,60,52,50,49,48,46
6261,   Tajikistan,,762,B R,   India,356,935,760,654,630,628,617,618
6274,   Tajikistan,,762,B R,   Russian Federation,643, 363 565, 294 449, 252 099, 238 699, 238 142, 234 154, 234 998
6340,   Turkmenistan,,795,B R,   Russian Federation,643, 118 324, 98 709, 79 212, 78 008, 75 465, 75 153, 74 600
6399,   Uzbekistan,,860,B R,   Russian Federation,643,1 267 201,1 161 963,1 067 247, 980 674, 913 652, 877 690, 871 047
6515,  Eastern Asia,,906,,   China*,156,2 023 030,2 253 678,2 539 585,3 226 570,3 723 323,4 102 862,4 328 585
6518,  Eastern Asia,,906,,"   China, Taiwan Province of China*",158,..,..,..,..,..,..,..
6537,  Eastern Asia,,906,,   India,356, 16 647, 22 096, 29 847, 44 491, 50 154, 55 635, 68 336
6557,  Eastern Asia,,906,,   Syrian Arab Republic,760,..,..,..,..,..,..,..
6568,  Eastern Asia,,906,,   Russian Federation,643, 3 608, 7 211, 12 237, 14 357, 15 772, 16 574, 20 355
6642,  Eastern Asia,,906,,   Mexico,484,786, 1 255, 1 740, 1 845, 1 956, 2 141, 2 735
6741,   China*,,156,C,   India,356, 1 137, 1 975, 2 839, 4 103, 5 183, 6 393, 6 953
6750,   China*,,156,C,   Russian Federation,643,274,580,939, 1 356, 1 713, 2 113, 2 297
6807,"   China, Hong Kong SAR*",,344,B R,   China*,156,1 659 157,1 772 597,1 886 037,2 070 537,2 260 045,2 309 769,2 408 447
6811,"   China, Hong Kong SAR*",,344,B R,   India,356, 12 064, 13 464, 14 864, 16 228, 17 632, 18 019, 18 788
6824,"   China, Hong Kong SAR*",,344,B R,   Russian Federation,643,59,66,72,79,86,87,90
6882,"   China, Macao SAR*",,446,B,   China*,156, 172 346, 189 060, 204 282, 236 962, 251 200, 280 130, 300 567
6989,   Dem. People's Republic of Korea,,408,I,   China*,156, 19 668, 19 590, 19 511, 22 740, 25 969, 28 594, 29 248
6991,   Dem. People's Republic of Korea,,408,I,   India,356,178,198,217,274,330,363,370
6999,   Dem. People's Republic of Korea,,408,I,   Russian Federation,643,43,58,72,102,132,145,146
7061,   Japan,,392,C,   China*,156, 150 383, 222 311, 335 600, 648 120, 687 156, 714 570, 775 893
7068,   Japan,,392,C,   India,356, 3 108, 5 584, 10 065, 21 219, 22 497, 26 244, 35 936
7074,   Japan,,392,C,   Mexico,484,786, 1 255, 1 740, 1 845, 1 956, 2 141, 2 735
7085,   Japan,,392,C,   Russian Federation,643,440, 2 199, 4 893, 7 370, 7 814, 8 092, 9 118
7148,   Mongolia,,496,C R,   China*,156, 1 649, 1 821, 2 013, 4 994, 8 546, 10 595, 11 419
7154,   Mongolia,,496,C R,   India,356,24,26,29,56,90,111,117
7165,   Mongolia,,496,C R,   Russian Federation,643, 2 755, 3 042, 3 362, 2 740, 2 433, 3 012, 3 232
7227,   Republic of Korea,,410,C R,   China*,156, 19 827, 48 299, 92 142, 243 217, 490 407, 759 204, 803 011
7230,   Republic of Korea,,410,C R,   India,356,136,849, 1 833, 2 611, 4 422, 4 505, 6 172
7243,   Republic of Korea,,410,C R,   Russian Federation,643,37, 1 266, 2 899, 2 710, 3 594, 3 125, 5 472
7363,  South-Eastern Asia,,920,,   China*,156, 634 278, 565 617, 533 353, 555 611, 595 141, 667 650, 687 447
7366,  South-Eastern Asia,,920,,"   China, Taiwan Province of China*",158,..,..,..,..,..,..,..
7385,  South-Eastern Asia,,920,,   India,356, 92 583, 131 591, 191 466, 242 568, 305 032, 345 177, 359 050
7405,  South-Eastern Asia,,920,,   Syrian Arab Republic,760, 3 484, 2 317, 1 146, 1 554, 2 106, 2 325, 2 442
7416,  South-Eastern Asia,,920,,   Russian Federation,643,37,67,139,110,98,97,101
7490,  South-Eastern Asia,,920,,   Mexico,484,31,41,105,84,143,145,152
7586,   Brunei Darussalam,,96,B,   China*,156, 1 509, 1 718, 1 926, 1 969, 2 012, 2 055, 2 238
7588,   Brunei Darussalam,,96,B,   India,356, 2 595, 2 742, 2 889, 2 953, 3 017, 3 081, 3 357
7655,   Cambodia,,116,B R,   China*,156,707, 1 853, 2 998, 2 340, 1 682, 1 518, 1 627
7659,   Cambodia,,116,B R,   India,356,44,116,187,146,105,95,101
7671,   Cambodia,,116,B R,   Russian Federation,643,14,37,59,46,33,30,30
7728,   Indonesia,,360,B R,   China*,156, 258 310, 170 906, 83 502, 72 094, 65 307, 72 302, 76 028
7729,   Indonesia,,360,B R,   India,356, 7 818, 5 172, 2 527, 6 465, 10 818, 11 976, 12 590
7741,   Indonesia,,360,B R,   Syrian Arab Republic,760, 3 465, 2 292, 1 120, 1 533, 2 045, 2 263, 2 378
7797,   Lao People's Democratic Republic,,418,C R,   China*,156, 4 125, 3 743, 3 005, 2 820, 8 110, 13 400, 14 338
7854,   Malaysia*,,458,C R,   China*,156, 91 377, 65 974, 54 430, 29 909, 9 306, 11 347, 12 024
7855,   Malaysia*,,458,C R,   India,356, 20 808, 46 325, 87 900, 106 098, 119 097, 139 752, 148 096
7921,   Myanmar,,104,C,   China*,156, 72 413, 55 637, 44 999, 38 118, 35 082, 33 656, 35 104
7922,   Myanmar,,104,C,   India,356, 41 093, 37 969, 35 038, 29 680, 27 316, 26 205, 27 325
7993,   Philippines,,608,C R,   China*,156, 53 792, 72 391, 88 418, 71 566, 35 398, 35 952, 38 269
8010,   Philippines,,608,C R,   India,356, 2 611, 3 513, 4 632, 3 749, 10 476, 10 639, 11 323
8027,   Philippines,,608,C R,   Mexico,484,31,41,105,84,143,145,152
8045,   Philippines,,608,C R,   Russian Federation,643,23,30,80,64,65,67,71
8055,   Philippines,,608,C R,   Syrian Arab Republic,760,19,25,26,21,61,62,64
8113,   Singapore,,702,B,   China*,156, 150 447, 191 075, 250 198, 299 651, 365 797, 419 634, 426 434
8116,   Singapore,,702,B,   India,356, 14 109, 29 739, 48 248, 83 963, 124 357, 142 659, 144 970
8181,   Thailand,,764,B R,   China*,156,58,116,200, 33 311, 68 811, 73 828, 77 280
8188,   Thailand,,764,B R,   India,356, 3 389, 5 665, 9 112, 8 371, 8 232, 8 832, 9 245
8273,   Timor-Leste,,626,B R,   China*,156,928, 1 012, 1 104, 1 172, 1 196,953,938
8340,   Viet Nam,,704,C R,   China*,156,612, 1 192, 2 573, 2 661, 2 440, 3 005, 3 167
8342,   Viet Nam,,704,C R,   India,356,116,350,933, 1 143, 1 614, 1 938, 2 043
8468,  Southern Asia,,5501,,   China*,156, 181 183, 255 905, 239 375, 264 458, 284 740, 296 859, 290 796
8471,  Southern Asia,,5501,,"   China, Taiwan Province of China*",158,..,..,..,..,..,..,..
8490,  Southern Asia,,5501,,   India,356,3 262 078,2 965 946,2 738 617,2 614 679,2 503 312,2 258 515,2 130 244
8510,  Southern Asia,,5501,,   Syrian Arab Republic,760,..,8,17,35,73,73,72
8521,  Southern Asia,,5501,,   Russian Federation,643, 3 446, 2 565, 1 685, 1 598, 1 580, 1 483, 1 398
8595,  Southern Asia,,5501,,   Mexico,484,..,..,..,..,..,..,..
8744,   Bangladesh,,50,B R,   China*,156, 140 163, 131 427, 122 691, 145 405, 160 252, 162 772, 159 619
8745,   Bangladesh,,50,B R,   India,356, 13 339, 18 075, 22 811, 27 687, 32 301, 34 431, 33 762
8811,   Bhutan,,64,B,   China*,156,422,496,570,714,858,906,949
8815,   Bhutan,,64,B,   India,356, 20 841, 24 485, 28 128, 35 256, 42 383, 44 732, 46 974
8885,   India,,356,B R,   China*,156, 18 165, 98 000, 92 343, 96 684, 100 003, 110 098, 108 008
8908,   India,,356,B R,   Russian Federation,643, 3 445, 2 547, 1 649, 1 526, 1 433, 1 335, 1 248
9027,   Maldives,,462,C,   India,356,951, 6 418, 11 427, 13 773, 13 568, 13 364, 14 596
9094,   Nepal,,524,B R,   China*,156, 21 906, 25 260, 22 820, 20 155, 20 977, 20 302, 19 428
9095,   Nepal,,524,B R,   India,356, 369 370, 515 578, 543 594, 514 650, 461 186, 446 113, 426 941
9149,   Pakistan,,586,B R,   China*,156,490,410,363,347,338,334,311
9150,   Pakistan,,586,B R,   India,356,2 818 248,2 365 884,2 101 039,1 998 814,1 943 345,1 709 217,1 597 134
9209,   Sri Lanka,,144,B R,   China*,156,37,312,588, 1 153, 2 312, 2 447, 2 481
9216,   Sri Lanka,,144,B R,   India,356, 39 329, 35 506, 31 618, 24 499, 10 529, 10 658, 10 837
9237,   Sri Lanka,,144,B R,   Russian Federation,643,1,18,36,72,147,148,150
9245,   Sri Lanka,,144,B R,   Syrian Arab Republic,760,..,8,17,35,73,73,72
9364,  Western Asia,,922,,   China*,156, 2 655, 11 236, 19 700, 15 969, 24 276, 22 423, 27 615
9367,  Western Asia,,922,,"   China, Taiwan Province of China*",158,..,..,..,..,..,..,..
9386,  Western Asia,,922,,   India,356,1 974 927,2 313 948,2 765 770,3 740 813,6 477 426,8 281 049,9 597 970
9406,  Western Asia,,922,,   Syrian Arab Republic,760, 440 219, 455 498, 474 526, 549 313, 767 002,5 619 604,6 765 889
9417,  Western Asia,,922,,   Russian Federation,643, 444 201, 354 276, 278 590, 244 214, 221 707, 231 472, 236 376
9491,  Western Asia,,922,,   Mexico,484, 1 475, 1 833, 2 095, 2 401, 2 739, 2 811, 2 793
9593,   Armenia,,51,B R,   Russian Federation,643, 62 218, 36 037, 20 363, 13 472, 11 216, 19 170, 19 082
9594,   Armenia,,51,B R,   Syrian Arab Republic,760, 3 225, 3 422, 3 743, 2 477, 2 062, 17 538, 17 416
9658,   Azerbaijan*,,31,B R,   Russian Federation,643, 39 234, 34 436, 34 703, 32 933, 30 151, 28 760, 27 452
9721,   Bahrain,,48,C R,   India,356, 60 505, 74 599, 88 904, 157 081, 259 915, 281 787, 365 098
9737,   Bahrain,,48,C R,   Syrian Arab Republic,760, 1 777, 1 955, 2 139, 2 743, 3 954, 4 286, 5 553
9819,   Cyprus*,,196,B,   China*,156,398,563,728, 1 094, 1 679, 1 541, 1 591
9848,   Cyprus*,,196,B,   India,356,684,967, 1 250, 1 880, 2 885, 2 648, 2 732
9873,   Cyprus*,,196,B,   Mexico,484,16,23,29,44,65,59,60
9899,   Cyprus*,,196,B,   Russian Federation,643, 3 235, 4 574, 5 913, 8 891, 13 644, 12 530, 12 935
9917,   Cyprus*,,196,B,   Syrian Arab Republic,760,810, 1 146, 1 481, 2 228, 3 418, 6 949, 11 446
9996,   Georgia*,,268,B R,   China*,156,421,337,74,70,70,73,74
10005,   Georgia*,,268,B R,   India,356,..,..,32,30,30,31,30
10022,   Georgia*,,268,B R,   Russian Federation,643, 151 090, 89 180, 35 672, 32 888, 34 226, 35 936, 37 267
10084,   Iraq,,368,C R,   India,356,179,211,200,233,238,232,234
10092,   Iraq,,368,C R,   Russian Federation,643,210,248,235,273,280,273,274
10097,   Iraq,,368,C R,   Syrian Arab Republic,760, 4 778, 5 633, 5 338, 6 209, 6 342, 252 036, 254 441
10164,   Israel,,376,B R,   China*,156, 1 027, 1 002,921,747,582,600,581
10174,   Israel,,376,B R,   India,356, 16 927, 18 225, 18 502, 18 334, 18 389, 18 965, 18 415
10184,   Israel,,376,B R,   Mexico,484, 1 422, 1 721, 1 923, 2 209, 2 522, 2 601, 2 525
10191,   Israel,,376,B R,   Russian Federation,643, 175 938, 173 915, 162 154, 135 827, 111 148, 114 630, 111 316
10196,   Israel,,376,B R,   Syrian Arab Republic,760, 10 963, 11 277, 10 960, 10 017, 9 195, 9 483, 9 207
10274,   Jordan,,400,C R,   China*,156,192, 5 718, 11 240, 8 438, 17 420, 16 121, 20 896
10289,   Jordan,,400,C R,   India,356,871, 2 572, 4 273, 4 622, 11 113, 4 587, 5 945
10318,   Jordan,,400,C R,   Russian Federation,643,581,653,724,544, 1 122,463,599
10329,   Jordan,,400,C R,   Syrian Arab Republic,760, 51 557, 54 585, 57 624, 54 460, 124 888, 674 705, 698 701
10399,   Kuwait,,414,C R,   India,356, 375 183, 332 377, 418 664, 485 921, 675 347,1 061 758,1 152 175
10414,   Kuwait,,414,C R,   Syrian Arab Republic,760, 11 021, 8 831, 10 073, 10 882, 14 426, 21 340, 23 156
10475,   Lebanon,,422,B R,   China*,156,88, 2 596, 5 103, 3 918, 2 789, 2 358, 2 058
10480,   Lebanon,,422,B R,   India,356,398, 1 169, 1 940, 1 854, 1 779, 1 503, 1 311
10491,   Lebanon,,422,B R,   Russian Federation,643,265,297,329,254,180,153,132
10495,   Lebanon,,422,B R,   Syrian Arab Republic,760, 23 553, 24 856, 26 159, 22 970, 19 987,1 194 049,1 042 785
10555,   Oman,,512,C R,   India,356, 152 554, 282 987, 333 881, 373 411, 473 206,1 076 151,1 375 667
10628,   Qatar,,634,C,   India,356, 2 738, 2 975, 2 769, 193 404, 540 914, 645 577, 702 013
10643,   Qatar,,634,C,   Syrian Arab Republic,760,526,571,531, 3 279, 8 688, 7 148, 24 749
10706,   Saudi Arabia,,682,C R,   India,356, 906 468, 929 709, 978 992,1 216 549,1 579 235,2 003 256,2 502 337
10715,   Saudi Arabia,,682,C R,   Syrian Arab Republic,760, 305 838, 313 441, 322 050, 397 826, 515 803, 659 067, 823 261
10775,   State of Palestine*,5,275,B,   Syrian Arab Republic,760, 5 224, 5 105, 4 986, 6 134, 5 653, 5 739, 5 731
10903,   Turkey,,792,B R,   China*,156,529, 1 020, 1 634, 1 702, 1 736, 1 730, 2 415
10925,   Turkey,,792,B R,   India,356,126,304,485,501,517,511,713
10947,   Turkey,,792,B R,   Mexico,484,37,89,143,148,152,151,208
10963,   Turkey,,792,B R,   Russian Federation,643, 11 430, 14 936, 18 497, 19 132, 19 740, 19 557, 27 319
10977,   Turkey,,792,B R,   Syrian Arab Republic,760, 5 247, 5 106, 4 995, 5 178, 5 336,2 714 774,3 792 505
11051,   United Arab Emirates,,784,C R,   India,356, 458 294, 667 853, 915 878,1 286 993,2 913 858,3 184 043,3 471 300
11067,   United Arab Emirates,,784,C R,   Syrian Arab Republic,760, 13 462, 17 252, 22 036, 22 332, 44 428, 48 547, 52 925
11133,   Yemen,,887,C R,   Syrian Arab Republic,760, 2 238, 2 318, 2 411, 2 578, 2 822, 3 943, 4 013
11247, EUROPE,,908,,   China*,156, 261 274, 374 239, 488 547, 723 189, 950 635,1 052 522,1 239 701
11250, EUROPE,,908,,"   China, Taiwan Province of China*",158,..,..,..,..,..,..,..
11269, EUROPE,,908,,   India,356, 533 424, 591 106, 659 083, 862 021,1 096 272,1 264 413,1 459 401
11289, EUROPE,,908,,   Syrian Arab Republic,760, 73 660, 87 198, 100 848, 124 739, 139 091, 509 600,1 311 997
11300, EUROPE,,908,,   Russian Federation,643,7 262 029,6 721 387,6 274 632,5 966 064,5 776 506,5 749 736,6 175 627
11374, EUROPE,,908,,   Mexico,484, 32 399, 39 729, 52 200, 83 900, 105 778, 116 869, 146 083
11530,  Eastern Europe,,923,,   China*,156, 78 511, 80 213, 79 806, 81 528, 82 826, 88 446, 97 974
11533,  Eastern Europe,,923,,"   China, Taiwan Province of China*",158,..,..,..,..,..,..,..
11552,  Eastern Europe,,923,,   India,356, 16 078, 14 102, 11 910, 12 535, 12 631, 13 712, 19 572
11572,  Eastern Europe,,923,,   Syrian Arab Republic,760, 13 970, 15 652, 17 411, 17 651, 14 789, 45 968, 33 222
11583,  Eastern Europe,,923,,   Russian Federation,643,6 168 252,5 366 178,4 642 991,4 284 795,4 106 218,4 102 189,4 180 963
11657,  Eastern Europe,,923,,   Mexico,484,386,530,683,939, 1 187, 1 528, 2 793
11771,   Belarus,,112,B,   India,356,24,37,50,48,46,48,46
11790,   Belarus,,112,B,   Russian Federation,643, 791 522, 749 767, 708 011, 698 192, 688 372, 682 362, 672 481
11797,   Belarus,,112,B,   Syrian Arab Republic,760,40,63,86,83,79,83,80
11895,   Bulgaria,,100,B,   China*,156,362,443,524,657,780, 1 083, 1 550
11937,   Bulgaria,,100,B,   India,356,163,149,135,137,138,251,553
11970,   Bulgaria,,100,B,   Mexico,484,2,7,12,18,23,54,97
11999,   Bulgaria,,100,B,   Russian Federation,643, 6 899, 8 936, 10 972, 14 064, 16 970, 21 381, 32 789
12020,   Bulgaria,,100,B,   Syrian Arab Republic,760,473,606,738,942, 1 134, 15 502, 17 848
12134,   Czechia,,203,C,   China*,156,303,454,605, 2 714, 4 558, 4 807, 6 620
12179,   Czechia,,203,C,   India,356,60,90,119,547,921, 1 707, 4 315
12211,   Czechia,,203,C,   Mexico,484,19,29,39,147,240,432,888
12241,   Czechia,,203,C,   Russian Federation,643, 3 282, 4 924, 6 565, 18 399, 28 453, 32 735, 37 471
12266,   Czechia,,203,C,   Syrian Arab Republic,760,108,162,215,396,540,922, 1 358
12379,   Hungary,,348,B,   China*,156,941, 4 242, 7 543, 9 259, 11 058, 13 867, 17 648
12423,   Hungary,,348,B,   India,356,978,867,755,928, 1 108, 1 110, 3 217
12454,   Hungary,,348,B,   Mexico,484,20,154,288,355,424,420,708
12485,   Hungary,,348,B,   Russian Federation,643, 38 081, 20 575, 3 069, 3 768, 4 500, 3 462, 4 583
12509,   Hungary,,348,B,   Syrian Arab Republic,760,482,664,846, 1 039, 1 241, 19 083, 2 693
12602,   Poland,,616,B,   China*,156,922,788,674,932, 1 221, 1 162, 1 550
12627,   Poland,,616,B,   India,356,436,372,318,594,889,846, 1 128
12647,   Poland,,616,B,   Mexico,484,165,140,120,167,220,209,278
12668,   Poland,,616,B,   Russian Federation,643, 76 953, 65 827, 56 310, 47 197, 39 565, 37 682, 50 329
12680,   Poland,,616,B,   Syrian Arab Republic,760,785,671,574,582,610,580,773
12762,   Republic of Moldova*,,498,B,   Russian Federation,643, 225 571, 152 253, 102 749, 70 947, 52 125, 40 760, 40 018
12852,   Romania,,642,B,   China*,156,605, 1 331, 2 100, 2 101, 2 695, 3 722, 6 544
12897,   Romania,,642,B,   India,356,..,..,..,..,9,78,544
12928,   Romania,,642,B,   Mexico,484,4,6,9,10,13,116,462
12957,   Romania,,642,B,   Russian Federation,643, 7 224, 7 431, 7 654, 7 475, 8 135, 5 269, 9 608
12980,   Romania,,642,B,   Syrian Arab Republic,760, 2 087, 4 579, 7 217, 7 254, 4 087, 2 576, 3 138
13082,   Russian Federation,,643,B,   China*,156, 67 405, 64 969, 60 177, 58 247, 55 119, 56 171, 56 138
13108,   Russian Federation,,643,B,   India,356, 9 801, 8 083, 6 072, 5 893, 5 594, 5 701, 5 696
13137,   Russian Federation,,643,B,   Mexico,484,173,170,162,182,200,204,202
13181,   Russian Federation,,643,B,   Syrian Arab Republic,760, 5 464, 4 479, 3 332, 3 301, 3 203, 3 265, 3 262
13284,   Slovakia,,703,B,   China*,156,49,320,681,764,856, 1 074, 1 256
13323,   Slovakia,,703,B,   India,356,7,45,97,401,122,155,194
13354,   Slovakia,,703,B,   Mexico,484,3,24,53,60,67,93,158
13384,   Slovakia,,703,B,   Russian Federation,643,622, 1 073, 1 819, 2 040, 2 287, 2 780, 3 098
13408,   Slovakia,,703,B,   Syrian Arab Republic,760,37,81,148,167,187,237,289
13485,   Ukraine*,,804,B,   China*,156, 7 924, 7 666, 7 502, 6 854, 6 539, 6 560, 6 668
13490,   Ukraine*,,804,B,   India,356, 4 609, 4 459, 4 364, 3 987, 3 804, 3 816, 3 879
13502,   Ukraine*,,804,B,   Russian Federation,643,5 018 098,4 355 392,3 745 842,3 422 713,3 265 811,3 275 758,3 330 586
13504,   Ukraine*,,804,B,   Syrian Arab Republic,760, 4 494, 4 347, 4 255, 3 887, 3 708, 3 720, 3 781
13622,  Northern Europe,,924,,   China*,156, 34 757, 101 283, 169 197, 189 396, 217 052, 274 660, 299 144
13625,  Northern Europe,,924,,"   China, Taiwan Province of China*",158,..,..,..,..,..,..,..
13644,  Northern Europe,,924,,   India,356, 416 717, 444 407, 480 093, 590 514, 740 079, 876 368, 933 502
13664,  Northern Europe,,924,,   Syrian Arab Republic,760, 14 705, 18 096, 20 394, 25 905, 30 074, 139 075, 279 828
13675,  Northern Europe,,924,,   Russian Federation,643, 928 353, 734 520, 553 311, 522 335, 462 395, 415 845, 394 208
13749,  Northern Europe,,924,,   Mexico,484, 2 140, 4 680, 7 336, 10 310, 11 747, 14 562, 17 623
13932,   Denmark*,7,208,B,   China*,156, 1 301, 2 441, 3 580, 7 194, 10 328, 11 988, 14 576
13980,   Denmark*,7,208,B,   India,356, 2 604, 3 498, 4 391, 6 325, 7 901, 10 006, 14 638
14014,   Denmark*,7,208,B,   Mexico,484,239,350,461,691,880, 1 182, 1 576
14046,   Denmark*,7,208,B,   Russian Federation,643, 1 595, 2 544, 3 493, 4 212, 4 720, 5 872, 6 499
14073,   Denmark*,7,208,B,   Syrian Arab Republic,760,538,921, 1 304, 1 706, 2 017, 13 813, 36 184
14175,   Estonia,,233,B,   China*,156,59,92,124,163,201,348,495
14211,   Estonia,,233,B,   India,356,25,39,53,82,111,318,712
14238,   Estonia,,233,B,   Mexico,484,..,..,..,..,28,65,132
14267,   Estonia,,233,B,   Russian Federation,643, 283 457, 236 214, 188 970, 172 571, 154 721, 129 187, 119 097
14286,   Estonia,,233,B,   Syrian Arab Republic,760,..,..,..,..,6,10,174
14360,   Faroe Islands*,8,234,B,   China*,156,1,..,1,7,18,30,35
14369,   Faroe Islands*,8,234,B,   India,356,14,24,38,56,58,63,72
14379,   Faroe Islands*,8,234,B,   Russian Federation,643,2,1,9,30,39,30,32
14473,   Finland*,,246,B,   China*,156,428, 1 106, 1 783, 4 541, 6 591, 9 069, 11 614
14516,   Finland*,,246,B,   India,356,549,768,986, 2 545, 3 624, 5 159, 6 954
14545,   Finland*,,246,B,   Mexico,484,67,98,129,334,471,719,995
14575,   Finland*,,246,B,   Russian Federation,643, 1 945, 2 115, 2 602, 4 366, 7 339, 11 542, 15 212
14601,   Finland*,,246,B,   Syrian Arab Republic,760,49,105,161,296,384, 1 326, 6 223
14707,   Iceland,,352,B,   China*,156,58,118,177,335,483,582,747
14749,   Iceland,,352,B,   India,356,62,105,148,213,272,305,389
14778,   Iceland,,352,B,   Mexico,484,10,24,38,54,68,92,159
14807,   Iceland,,352,B,   Russian Federation,643,37,273,508,406,298,364,492
14827,   Iceland,,352,B,   Syrian Arab Republic,760,8,11,14,17,19,35,280
14939,   Ireland,,372,B,   China*,156,563, 3 056, 7 229, 10 704, 12 416, 12 683, 14 542
14984,   Ireland,,372,B,   India,356,750, 2 655, 6 019, 13 821, 19 348, 19 764, 22 662
15014,   Ireland,,372,B,   Mexico,484,59,162,355,356,299,305,347
15044,   Ireland,,372,B,   Russian Federation,643,229, 1 244, 2 943, 5 108, 6 432, 6 570, 7 532
15068,   Ireland,,372,B,   Syrian Arab Republic,760,22,61,133,133,112,507, 2 937
15229,   Latvia,,428,B,   China*,156,24,175,326,281,230,268,369
15259,   Latvia,,428,B,   India,356,35,54,74,89,102,131, 1 290
15285,   Latvia,,428,B,   Mexico,484,6,9,12,28,45,13,26
15310,   Latvia,,428,B,   Russian Federation,643, 473 207, 354 000, 234 753, 201 748, 163 606, 136 376, 116 771
15327,   Latvia,,428,B,   Syrian Arab Republic,760,5,7,10,15,20,22,63
15423,   Lithuania,,440,B,   China*,156,157,175,137,105,60,53,191
15452,   Lithuania,,440,B,   India,356,..,..,..,..,..,11,567
15480,   Lithuania,,440,B,   Mexico,484,..,..,..,..,..,16,33
15504,   Lithuania,,440,B,   Russian Federation,643, 158 448, 121 622, 95 271, 88 849, 70 305, 58 511, 51 718
15521,   Lithuania,,440,B,   Syrian Arab Republic,760,..,..,..,..,..,20,431
15629,   Norway*,,578,B,   China*,156, 1 862, 2 878, 3 617, 5 938, 9 823, 12 197, 13 579
15678,   Norway*,,578,B,   India,356, 4 422, 4 621, 5 130, 5 806, 8 132, 11 845, 14 726
15712,   Norway*,,578,B,   Mexico,484,208,262,380,516,834, 1 224, 1 530
15745,   Norway*,,578,B,   Russian Federation,643,61,820, 3 114, 8 829, 13 748, 17 119, 18 486
15773,   Norway*,,578,B,   Syrian Arab Republic,760,194,420,582,969, 1 423, 13 249, 31 197
15886,   Sweden,,752,B,   China*,156, 6 920, 8 212, 8 150, 13 134, 21 706, 28 014, 34 767
15930,   Sweden,,752,B,   India,356, 8 730, 10 359, 11 110, 13 447, 16 395, 20 976, 36 133
15963,   Sweden,,752,B,   Mexico,484,847, 1 006, 1 079, 1 510, 1 921, 2 327, 3 099
15995,   Sweden,,752,B,   Russian Federation,643, 5 125, 6 082, 6 523, 10 833, 14 389, 18 201, 22 166
16021,   Sweden,,752,B,   Syrian Arab Republic,760, 11 128, 13 205, 14 162, 16 591, 19 572, 101 949, 190 882
16135,   United Kingdom*,10,826,B,   China*,156, 23 384, 83 030, 144 073, 146 994, 155 196, 199 428, 208 229
16183,   United Kingdom*,10,826,B,   India,356, 399 526, 422 284, 452 144, 548 130, 684 136, 807 790, 835 359
16216,   United Kingdom*,10,826,B,   Mexico,484,704, 2 769, 4 882, 6 821, 7 201, 8 619, 9 726
16249,   United Kingdom*,10,826,B,   Russian Federation,643, 4 247, 9 605, 15 125, 25 383, 26 798, 32 073, 36 203
16274,   United Kingdom*,10,826,B,   Syrian Arab Republic,760, 2 761, 3 366, 4 028, 6 178, 6 521, 8 144, 11 457
16411,  Southern Europe,,925,,   China*,156, 42 031, 61 441, 82 145, 229 899, 365 689, 372 746, 432 306
16414,  Southern Europe,,925,,"   China, Taiwan Province of China*",158,..,..,..,..,..,..,..
16433,  Southern Europe,,925,,   India,356, 15 027, 39 049, 65 427, 124 744, 182 530, 191 846, 235 081
16453,  Southern Europe,,925,,   Syrian Arab Republic,760, 9 127, 10 663, 13 267, 16 216, 18 744, 23 442, 72 385
16464,  Southern Europe,,925,,   Russian Federation,643, 40 660, 70 302, 102 034, 160 755, 207 712, 227 016, 252 815
16538,  Southern Europe,,925,,   Mexico,484, 14 428, 16 373, 23 335, 42 932, 54 571, 57 939, 71 596
16761,   Bosnia and Herzegovina,,70,I R,   Russian Federation,643,271,228,185,141,179,177,164
16828,   Croatia,,191,B,   China*,156,..,..,..,222,443,446,417
16839,   Croatia,,191,B,   India,356,..,..,..,34,67,67,61
16854,   Croatia,,191,B,   Mexico,484,..,8,15,27,39,39,36
16869,   Croatia,,191,B,   Russian Federation,643,..,..,..,652, 1 303, 1 311, 1 231
16879,   Croatia,,191,B,   Syrian Arab Republic,760,..,..,..,90,179,180,167
17028,   Greece,,300,B,   China*,156,329,441,560, 2 015, 3 596, 3 388, 3 462
17079,   Greece,,300,B,   India,356, 5 351, 6 117, 6 983, 8 679, 10 751, 10 130, 10 353
17111,   Greece,,300,B,   Mexico,484,379,366,360,383,420,395,402
17144,   Greece,,300,B,   Russian Federation,643, 28 345, 49 780, 72 032, 63 706, 57 389, 54 081, 55 281
17171,   Greece,,300,B,   Syrian Arab Republic,760, 6 547, 6 220, 5 996, 6 597, 7 459, 9 549, 42 861
17331,   Italy,,380,B,   China*,156, 32 172, 53 519, 74 865, 137 633, 194 677, 199 617, 233 338
17374,   Italy,,380,B,   India,356, 3 413, 23 261, 43 109, 89 745, 128 999, 138 591, 167 272
17406,   Italy,,380,B,   Mexico,484, 4 331, 4 177, 4 023, 6 424, 9 012, 8 533, 9 884
17437,   Italy,,380,B,   Russian Federation,643, 7 359, 11 088, 14 816, 47 776, 79 608, 79 001, 82 890
17464,   Italy,,380,B,   Syrian Arab Republic,760,527, 1 963, 3 399, 4 728, 5 827, 6 105, 8 276
17551,   Malta,,470,B,   China*,156,148,173,220,259,292,495, 1 076
17566,   Malta,,470,B,   India,356,130,152,194,228,215,364,791
17596,   Malta,,470,B,   Russian Federation,643,129,151,382,598,775, 1 315, 2 865
17610,   Malta,,470,B,   Syrian Arab Republic,760,101,119,151,179,215, 1 488, 3 242
17688,   Montenegro,,499,B,   Russian Federation,643,..,..,..,..,823,925,927
17760,   North Macedonia,,807,B,   Russian Federation,643,217,203,189,194,199,215,214
17837,   Portugal,,620,B,   China*,156,673, 1 452, 2 291, 6 280, 9 227, 10 461, 12 000
17871,   Portugal,,620,B,   India,356, 1 939, 4 184, 6 600, 7 355, 6 889, 7 809, 8 957
17896,   Portugal,,620,B,   Mexico,484,62,134,212,243,234,264,301
17915,   Portugal,,620,B,   Russian Federation,643,680, 1 468, 2 317, 3 993, 5 006, 5 674, 6 508
17928,   Portugal,,620,B,   Syrian Arab Republic,760,10,21,34,31,23,26,531
17998,   San Marino,,674,C,   Russian Federation,643,7,16,26,27,29,36,38
18063,   Serbia*,,688,B,   China*,156,216, 1 375, 1 870, 1 845, 1 804, 1 763, 1 796
18077,   Serbia*,,688,B,   India,356,36,229,312,308,302,295,299
18094,   Serbia*,,688,B,   Mexico,484,2,19,27,27,27,26,25
18106,   Serbia*,,688,B,   Russian Federation,643,361, 2 297, 3 123, 3 081, 3 012, 2 944, 2 999
18114,   Serbia*,,688,B,   Syrian Arab Republic,760,14,94,129,128,126,123,123
18208,   Slovenia,,705,B,   China*,156,61,132,201,323,732,863, 1 113
18247,   Slovenia,,705,B,   India,356,11,22,19,49,83,143,234
18277,   Slovenia,,705,B,   Mexico,484,5,10,12,17,38,69,94
18306,   Slovenia,,705,B,   Russian Federation,643,171,372,664,804,928, 2 082, 3 572
18326,   Slovenia,,705,B,   Syrian Arab Republic,760,1,1,27,30,35,61,247
18430,   Spain*,,724,B,   China*,156, 8 432, 4 349, 2 138, 81 322, 154 918, 155 713, 179 104
18470,   Spain*,,724,B,   India,356, 4 147, 5 084, 8 210, 18 346, 35 224, 34 447, 47 114
18499,   Spain*,,724,B,   Mexico,484, 9 649, 11 659, 18 686, 35 811, 44 801, 48 613, 60 854
18529,   Spain*,,724,B,   Russian Federation,643, 3 120, 4 699, 8 300, 39 783, 58 461, 79 255, 96 126
18550,   Spain*,,724,B,   Syrian Arab Republic,760, 1 927, 2 245, 3 531, 4 433, 4 880, 5 910, 16 938
18684,  Western Europe,,926,,   China*,156, 105 975, 131 302, 157 399, 222 366, 285 068, 316 670, 410 277
18687,  Western Europe,,926,,"   China, Taiwan Province of China*",158,..,..,..,..,..,..,..
18706,  Western Europe,,926,,   India,356, 85 602, 93 548, 101 653, 134 228, 161 032, 182 487, 271 246
18726,  Western Europe,,926,,   Syrian Arab Republic,760, 35 858, 42 787, 49 776, 64 967, 75 484, 301 115, 926 562
18737,  Western Europe,,926,,   Russian Federation,643, 124 764, 550 387, 976 296, 998 179,1 000 181,1 004 686,1 347 641
18811,  Western Europe,,926,,   Mexico,484, 15 445, 18 146, 20 846, 29 719, 38 273, 42 840, 54 071
18942,   Austria,,40,B,   China*,156, 9 703, 10 934, 12 165, 13 545, 15 095, 14 883, 17 776
18991,   Austria,,40,B,   India,356, 7 478, 8 436, 9 394, 10 416, 11 569, 12 586, 14 992
19022,   Austria,,40,B,   Mexico,484,832,939, 1 046, 1 159, 1 287, 1 705, 2 277
19056,   Austria,,40,B,   Russian Federation,643, 17 059, 19 246, 21 433, 23 765, 26 393, 30 501, 34 745
19083,   Austria,,40,B,   Syrian Arab Republic,760, 1 828, 2 063, 2 297, 2 547, 2 828, 33 563, 53 259
19194,   Belgium,,56,B,   China*,156, 4 851, 5 889, 6 757, 12 247, 15 591, 19 048, 21 418
19239,   Belgium,,56,B,   India,356, 5 343, 6 415, 7 298, 10 615, 15 220, 19 815, 25 900
19271,   Belgium,,56,B,   Mexico,484, 1 647, 1 637, 1 579, 1 471, 1 869, 2 375, 3 133
19301,   Belgium,,56,B,   Russian Federation,643,190,546,886, 5 513, 4 576, 6 904, 8 210
19329,   Belgium,,56,B,   Syrian Arab Republic,760, 1 712, 1 702, 1 643, 2 854, 4 407, 10 860, 33 724
19445,   France*,12,250,B,   China*,156, 41 681, 43 028, 44 375, 70 951, 103 338, 114 531, 125 893
19491,   France*,12,250,B,   India,356, 25 817, 26 652, 27 486, 41 118, 45 131, 50 020, 54 982
19524,   France*,12,250,B,   Mexico,484, 6 305, 6 509, 6 712, 9 332, 11 813, 13 092, 14 390
19556,   France*,12,250,B,   Russian Federation,643, 21 377, 22 069, 22 760, 34 476, 60 093, 66 601, 73 208
19583,   France*,12,250,B,   Syrian Arab Republic,760, 13 644, 14 085, 14 526, 15 414, 15 736, 17 440, 21 488
19683,   Germany,,276,B,   China*,156, 19 834, 34 512, 49 190, 67 622, 82 444, 84 616, 142 891
19715,   Germany,,276,B,   India,356, 31 877, 32 944, 34 011, 45 659, 55 002, 56 450, 107 628
19740,   Germany,,276,B,   Mexico,484, 3 437, 4 652, 5 867, 10 738, 14 713, 15 100, 20 266
19762,   Germany,,276,B,   Russian Federation,643, 77 318, 490 548, 903 777, 889 324, 857 226, 876 302,1 198 831
19778,   Germany,,276,B,   Syrian Arab Republic,760, 15 330, 20 223, 25 116, 34 895, 42 766, 197 186, 707 457
19869,   Liechtenstein,,438,B,   China*,156,28,40,52,58,66,81,113
19897,   Liechtenstein,,438,B,   India,356,..,..,..,11,23,27,27
19921,   Liechtenstein,,438,B,   Mexico,484,..,..,..,10,21,24,32
19943,   Liechtenstein,,438,B,   Russian Federation,643,6,13,20,31,44,53,69
19957,   Liechtenstein,,438,B,   Syrian Arab Republic,760,..,..,..,..,3,7,32
20058,   Luxembourg,,442,B,   China*,156, 1 017,966,927,804,691, 1 054, 4 295
20102,   Luxembourg,,442,B,   India,356,187,177,170,147,127,193, 2 791
20130,   Luxembourg,,442,B,   Mexico,484,27,25,24,20,18,27,424
20159,   Luxembourg,,442,B,   Russian Federation,643,377,358,344,298,256,390, 2 780
20181,   Luxembourg,,442,B,   Syrian Arab Republic,760,..,..,..,..,..,.., 1 839
20343,   Netherlands*,13,528,B,   China*,156, 20 779, 26 141, 32 395, 43 672, 52 617, 61 901, 72 803
20391,   Netherlands*,13,528,B,   India,356, 7 540, 8 940, 10 649, 11 962, 17 273, 24 060, 42 285
20426,   Netherlands*,13,528,B,   Mexico,484,658,968, 1 312, 2 074, 2 868, 3 900, 5 721
20458,   Netherlands*,13,528,B,   Russian Federation,643, 2 561, 8 559, 14 823, 30 602, 35 423, 2 863, 5 076
20487,   Netherlands*,13,528,B,   Syrian Arab Republic,760, 2 035, 2 996, 4 060, 6 644, 6 927, 28 902, 88 993
20596,   Switzerland,,756,B,   China*,156, 8 082, 9 792, 11 538, 13 467, 15 226, 20 556, 25 088
20639,   Switzerland,,756,B,   India,356, 7 360, 9 984, 12 645, 14 300, 16 687, 19 336, 22 641
20672,   Switzerland,,756,B,   Mexico,484, 2 539, 3 416, 4 306, 4 915, 5 684, 6 617, 7 828
20703,   Switzerland,,756,B,   Russian Federation,643, 5 876, 9 048, 12 253, 14 170, 16 170, 21 072, 24 722
20729,   Switzerland,,756,B,   Syrian Arab Republic,760, 1 309, 1 718, 2 134, 2 613, 2 817, 13 157, 19 770
20867, LATIN AMERICA AND THE CARIBBEAN,,904,,   China*,156, 50 049, 57 421, 66 610, 80 522, 101 066, 131 093, 160 260
20870, LATIN AMERICA AND THE CARIBBEAN,,904,,"   China, Taiwan Province of China*",158,..,..,..,..,..,..,..
20889, LATIN AMERICA AND THE CARIBBEAN,,904,,   India,356, 6 121, 7 094, 8 254, 9 783, 13 182, 16 504, 19 415
20909, LATIN AMERICA AND THE CARIBBEAN,,904,,   Syrian Arab Republic,760, 24 318, 22 366, 20 322, 19 793, 19 494, 21 669, 25 550
20920, LATIN AMERICA AND THE CARIBBEAN,,904,,   Russian Federation,643, 25 665, 21 852, 18 419, 14 181, 11 273, 11 887, 12 947
20994, LATIN AMERICA AND THE CARIBBEAN,,904,,   Mexico,484, 43 110, 47 163, 52 433, 55 290, 62 554, 72 149, 86 799
21150,  Caribbean,,915,,   China*,156, 5 901, 6 841, 7 878, 6 784, 6 300, 8 536, 9 133
21153,  Caribbean,,915,,"   China, Taiwan Province of China*",158,..,..,..,..,..,..,..
21172,  Caribbean,,915,,   India,356, 2 737, 3 194, 3 674, 4 445, 6 006, 6 222, 6 623
21192,  Caribbean,,915,,   Syrian Arab Republic,760,421,539,658,756,847,869,866
21203,  Caribbean,,915,,   Russian Federation,643, 4 782, 3 737, 2 718, 2 007, 1 501, 1 131,904
21277,  Caribbean,,915,,   Mexico,484, 4 879, 5 280, 5 676, 5 645, 5 278, 4 802, 4 020
21435,   Antigua and Barbuda,,28,B R,   China*,156,57,84,110,118,126,134,139
21449,   Antigua and Barbuda,,28,B R,   India,356,32,49,65,70,74,79,81
21455,   Antigua and Barbuda,,28,B R,   Mexico,484,3,4,4,5,5,5,4
21473,   Antigua and Barbuda,,28,B R,   Syrian Arab Republic,760,142,171,200,215,229,244,254
21530,   Aruba*,15,533,B R,   China*,156,247,435,622,855, 1 072, 1 127, 1 260
21537,   Aruba*,15,533,B R,   India,356,39,98,157,238,315,330,368
21617,   Bahamas,,44,B R,   China*,156,67,80,93,126,159,172,183
21637,   Bahamas,,44,B R,   India,356,160,194,229,391,552,598,640
21644,   Bahamas,,44,B R,   Mexico,484,21,51,82,103,124,134,143
21657,   Bahamas,,44,B R,   Russian Federation,643,4,14,25,39,52,56,58
21731,   Barbados,,52,B R,   China*,156,..,..,..,30,41,43,42
21737,   Barbados,,52,B R,   India,356,441,481,522,480,441,463,467
21801,"   Bonaire, Sint Eustatius and Saba*",16,535,B,   China*,156,..,..,..,..,..,..,..
21813,"   Bonaire, Sint Eustatius and Saba*",16,535,B,   India,356,..,..,..,..,..,..,..
21820,"   Bonaire, Sint Eustatius and Saba*",16,535,B,   Mexico,484,..,..,..,..,..,..,..
21899,   British Virgin Islands*,18,92,B R,   India,356,20,24,27,31,35,40,45
21981,   Cayman Islands*,19,136,C R,   India,356,44,84,144,324,535,582,648
21990,   Cayman Islands*,19,136,C R,   Mexico,484,12,24,42,38,38,40,43
22073,   Cuba,,192,B,   China*,156,658,499,351,223,134,76,42
22088,   Cuba,,192,B,   Mexico,484,889,674,440,331,237,161,106
22095,   Cuba,,192,B,   Russian Federation,643, 4 491, 3 404, 2 342, 1 563,989,593,343
22157,   Cura?ao*,20,531,B R,   China*,156,..,..,..,..,451,489,569
22168,   Cura?ao*,20,531,B R,   India,356,..,..,..,..,588,637,742
22175,   Cura?ao*,20,531,B R,   Mexico,484,..,..,..,..,13,13,15
22248,   Dominica,,212,B,   China*,156,14,19,23,27,33,38,37
22256,   Dominica,,212,B,   India,356,10,13,15,19,24,28,27
22270,   Dominica,,212,B,   Syrian Arab Republic,760,6,8,10,12,14,16,15
22346,   Dominican Republic,,214,B R,   China*,156, 3 613, 4 013, 4 413, 2 916, 1 413, 3 776, 3 942
22367,   Dominican Republic,,214,B R,   India,356,287,319,351,221,91,94,97
22381,   Dominican Republic,,214,B R,   Mexico,484, 1 737, 1 930, 2 122, 1 775, 1 426, 1 497, 1 563
22398,   Dominican Republic,,214,B R,   Russian Federation,643,287,319,351,405,460,482,503
22410,   Dominican Republic,,214,B R,   Syrian Arab Republic,760,76,85,93,59,25,25,25
22546,   Guadeloupe*,21,312,B,   India,356,80,107,133,163,193,184,181
22556,   Guadeloupe*,21,312,B,   Syrian Arab Republic,760,117,157,196,241,285,273,270
22612,   Haiti,,332,B R,   China*,156,348,330,313,297,311,326,341
22621,   Haiti,,332,B R,   Mexico,484,306,290,275,261,274,287,299
22690,   Jamaica,,388,B R,   India,356,711,962, 1 213, 1 183, 1 152, 1 127, 1 148
22751,   Martinique*,22,474,B R,   China*,156,68,103,139,145,151,175,173
22761,   Martinique*,22,474,B R,   Syrian Arab Republic,760,68,102,137,143,150,174,172
22876,   Puerto Rico*,24,630,B,   China*,156,339,826, 1 315, 1 422, 1 351, 1 088, 1 212
22891,   Puerto Rico*,24,630,B,   India,356,96,101,108,84,51,49,21
22899,   Puerto Rico*,24,630,B,   Mexico,484, 1 907, 2 302, 2 703, 3 118, 3 142, 2 647, 1 831
23087,   Saint Lucia,,662,B R,   China*,156,21,27,38,48,55,52,49
23101,   Saint Lucia,,662,B R,   India,356,49,65,90,165,228,218,214
23109,   Saint Lucia,,662,B R,   Mexico,484,4,5,8,14,19,18,16
23128,   Saint Lucia,,662,B R,   Syrian Arab Republic,760,12,16,22,86,144,137,130
23299,   Sint Maarten (Dutch part)*,25,534,B R,   China*,156,..,..,..,83,167,174,183
23308,   Sint Maarten (Dutch part)*,25,534,B R,   India,356,..,..,..,411,801,834,880
23379,   Trinidad and Tobago,,780,B R,   China*,156,469,425,461,494,836,866,961
23384,   Trinidad and Tobago,,780,B R,   India,356,768,697,620,665,926,959, 1 064
23629,  Central America,,916,,   China*,156, 13 294, 14 411, 16 407, 19 854, 26 614, 31 474, 36 523
23632,  Central America,,916,,"   China, Taiwan Province of China*",158,..,..,..,..,..,..,..
23651,  Central America,,916,,   India,356, 1 914, 2 396, 3 027, 3 733, 5 283, 7 127, 8 306
23671,  Central America,,916,,   Syrian Arab Republic,760,654,657,693,556,499,551,643
23682,  Central America,,916,,   Russian Federation,643, 2 533, 2 638, 3 037, 2 718, 3 230, 3 495, 3 979
23756,  Central America,,916,,   Mexico,484, 16 078, 18 268, 21 642, 23 825, 28 966, 32 302, 36 619
23850,   Belize,,84,B R ,   China*,156,551,823, 1 094, 1 378, 1 737, 2 048, 2 323
23857,   Belize,,84,B R ,   India,356,247,256,265,292,502,592,670
23860,   Belize,,84,B R ,   Mexico,484, 3 025, 2 782, 2 539, 2 764, 2 988, 3 523, 3 997
23942,   Costa Rica,,188,B R,   China*,156,252,190,222,147,288,291,348
23977,   Costa Rica,,188,B R,   India,356,35,31,42,28,55,54,64
24004,   Costa Rica,,188,B R,   Mexico,484, 2 081, 1 778, 2 365, 1 550, 3 056, 3 100, 3 720
24029,   Costa Rica,,188,B R,   Russian Federation,643,519,390,457,300,591,599,718
24049,   Costa Rica,,188,B R,   Syrian Arab Republic,760,9,7,8,6,12,11,13
24126,   El Salvador,,222,B R,   China*,156,260,224,187,218,248,259,262
24138,   El Salvador,,222,B R,   India,356,18,14,10,11,11,11,11
24146,   El Salvador,,222,B R,   Mexico,484, 2 457, 1 948, 1 438, 1 541, 1 644, 1 714, 1 742
24155,   El Salvador,,222,B R,   Russian Federation,643,29,23,16,17,17,18,18
24219,   Guatemala,,320,B R,   China*,156,307,361,415,493,571,627,705
24240,   Guatemala,,320,B R,   Mexico,484, 5 402, 8 236, 11 070, 13 160, 15 250, 16 720, 18 872
24254,   Guatemala,,320,B R,   Syrian Arab Republic,760,52,51,49,59,68,75,83
24318,   Honduras,,340,B R,   China*,156,394,419,443,434,425,596,608
24337,   Honduras,,340,B R,   Mexico,484,795,980, 1 164, 1 140, 1 116, 1 567, 1 602
24344,   Honduras,,340,B R,   Russian Federation,643,19,19,19,19,18,25,25
24416,   Mexico,,484,B R,   China*,156, 1 240, 1 911, 2 665, 4 698, 7 274, 8 849, 9 706
24436,   Mexico,,484,B R,   India,356,128,347,583,684,864, 1 965, 2 154
24469,   Mexico,,484,B R,   Russian Federation,643, 1 171, 1 503, 1 901, 1 642, 1 573, 1 664, 1 824
24481,   Mexico,,484,B R,   Syrian Arab Republic,760,510,480,472,314,192,200,218
24553,   Nicaragua,,558,B R,   China*,156,55,44,81,121,129,139,144
24568,   Nicaragua,,558,B R,   India,356,12,10,15,22,23,24,24
24575,   Nicaragua,,558,B R,   Mexico,484,925,734,725,735,785,846,885
24581,   Nicaragua,,558,B R,   Russian Federation,643,387,307,235,169,180,194,202
24655,   Panama,,591,B R,   China*,156, 10 235, 10 439, 11 300, 12 365, 15 942, 18 665, 22 427
24679,   Panama,,591,B R,   India,356, 1 474, 1 738, 2 112, 2 696, 3 828, 4 481, 5 383
24693,   Panama,,591,B R,   Mexico,484, 1 393, 1 810, 2 341, 2 935, 4 127, 4 832, 5 801
24709,   Panama,,591,B R,   Russian Federation,643,408,396,409,571,851,995, 1 192
24720,   Panama,,591,B R,   Syrian Arab Republic,760,83,119,164,177,227,265,329
24842,  South America,,931,,   China*,156, 30 854, 36 169, 42 325, 53 884, 68 152, 91 083, 114 604
24845,  South America,,931,,"   China, Taiwan Province of China*",158,..,..,..,..,..,..,..
24864,  South America,,931,,   India,356, 1 470, 1 504, 1 553, 1 605, 1 893, 3 155, 4 486
24884,  South America,,931,,   Syrian Arab Republic,760, 23 243, 21 170, 18 971, 18 481, 18 148, 20 249, 24 041
24895,  South America,,931,,   Russian Federation,643, 18 350, 15 477, 12 664, 9 456, 6 542, 7 261, 8 064
24969,  South America,,931,,   Mexico,484, 22 153, 23 615, 25 115, 25 820, 28 310, 35 045, 46 160
25085,   Argentina,,32,B R,   China*,156, 4 268, 5 850, 7 432, 9 956, 12 476, 14 397, 14 537
25115,   Argentina,,32,B R,   India,356,215,210,205,152,97,97,97
25139,   Argentina,,32,B R,   Mexico,484, 2 332, 2 686, 3 040, 2 244, 1 445, 1 450, 1 463
25163,   Argentina,,32,B R,   Russian Federation,643, 5 016, 4 483, 3 951, 2 916, 1 878, 1 884, 1 902
25177,   Argentina,,32,B R,   Syrian Arab Republic,760, 4 931, 3 607, 2 284, 1 704, 1 121, 1 125, 1 135
25275,   Bolivia (Plurinational State of),,68,B R,   China*,156,805,675,538,754,968, 1 128, 1 254
25313,   Bolivia (Plurinational State of),,68,B R,   India,356,125,123,119,106,92,108,118
25345,   Bolivia (Plurinational State of),,68,B R,   Mexico,484, 8 125, 8 770, 9 323, 8 760, 8 179, 9 524, 10 606
25378,   Bolivia (Plurinational State of),,68,B R,   Russian Federation,643,106,54,1,142,282,329,364
25397,   Bolivia (Plurinational State of),,68,B R,   Syrian Arab Republic,760,23,12,..,1,2,3,2
25496,   Brazil,,76,B R,   China*,156, 8 532, 9 429, 10 326, 14 884, 19 232, 22 671, 24 632
25530,   Brazil,,76,B R,   India,356,697,730,762,824,875, 1 030, 1 118
25560,   Brazil,,76,B R,   Mexico,484,792, 1 027, 1 261, 1 973, 2 657, 3 131, 3 400
25585,   Brazil,,76,B R,   Russian Federation,643, 11 249, 8 882, 6 515, 3 974, 1 376, 1 622, 1 761
25607,   Brazil,,76,B R,   Syrian Arab Republic,760, 4 434, 3 864, 3 293, 2 688, 2 045, 3 425, 8 003
25679,   Chile,,152,B,   China*,156, 1 124, 1 691, 2 258, 3 733, 5 208, 7 889, 15 921
25688,   Chile,,152,B,   Mexico,484,746, 1 223, 1 700, 2 552, 3 403, 5 155, 10 558
25749,   Colombia,,170,B,   China*,156, 1 233, 1 392, 1 551, 1 632, 1 632, 1 616, 1 584
25761,   Colombia,,170,B,   Mexico,484, 1 908, 2 072, 2 236, 2 264, 3 125, 4 265, 5 641
25765,   Colombia,,170,B,   Russian Federation,643,493,518,542,538,578,616,646
25837,   Ecuador,,218,B R,   China*,156,654,934, 1 214, 1 453, 2 313, 2 928, 3 061
25859,   Ecuador,,218,B R,   India,356,76,86,95,114,181,228,238
25873,   Ecuador,,218,B R,   Mexico,484,656,797,937, 1 121, 1 785, 2 258, 2 361
25889,   Ecuador,,218,B R,   Russian Federation,643,498,559,620,742, 1 182, 1 495, 1 562
25897,   Ecuador,,218,B R,   Syrian Arab Republic,760,22,25,27,33,51,64,164
26014,   French Guiana*,29,254,B R,   China*,156,961, 1 201, 1 440, 1 236, 1 032, 1 466, 1 647
26081,   Guyana,,328,B R,   China*,156,263,422,580,780,610,645,676
26146,   Paraguay,,600,B R,   China*,156, 1 953, 1 419,882,840,800,780,844
26152,   Paraguay,,600,B R,   Mexico,484, 3 059, 2 440, 1 813, 1 727, 1 645, 1 605, 1 738
26218,   Peru,,604,B R,   China*,156, 2 548, 2 551, 2 981, 3 502, 6 491, 18 783, 31 931
26239,   Peru,,604,B R,   India,356,128,129,151,177,402, 1 434, 2 673
26254,   Peru,,604,B R,   Mexico,484,930,931, 1 088, 1 278, 1 928, 3 294, 6 148
26268,   Peru,,604,B R,   Russian Federation,643,391,392,459,539,603,641, 1 194
26334,   Suriname,,740,C R,   China*,156, 2 055, 2 538, 3 135, 3 836, 4 526, 4 915, 5 446
26393,   Uruguay,,858,B R,   Mexico,484,719,657,602,557,516,532,635
26468,   Venezuela (Bolivarian Republic of),,862,B R,   China*,156, 6 458, 8 067, 9 988, 11 278, 12 864, 13 865, 13 071
26498,   Venezuela (Bolivarian Republic of),,862,B R,   India,356,229,226,221,232,246,258,242
26517,   Venezuela (Bolivarian Republic of),,862,B R,   Mexico,484, 2 886, 3 012, 3 115, 3 344, 3 627, 3 831, 3 610
26539,   Venezuela (Bolivarian Republic of),,862,B R,   Russian Federation,643,597,589,576,605,643,674,635
26555,   Venezuela (Bolivarian Republic of),,862,B R,   Syrian Arab Republic,760, 13 833, 13 662, 13 367, 14 055, 14 929, 15 632, 14 737
26677, NORTHERN AMERICA,,905,,   China*,156, 942 103,1 345 327,1 760 773,2 116 749,2 534 987,3 322 051,2 883 364
26680, NORTHERN AMERICA,,905,,"   China, Taiwan Province of China*",158,..,..,..,..,..,..,..
26699, NORTHERN AMERICA,,905,,   India,356, 617 202, 986 592,1 367 897,1 815 796,2 302 619,3 054 597,3 444 419
26719, NORTHERN AMERICA,,905,,   Syrian Arab Republic,760, 47 342, 59 320, 71 773, 75 965, 83 088, 137 516, 141 200
26730, NORTHERN AMERICA,,905,,   Russian Federation,643, 285 987, 340 945, 399 150, 431 218, 478 704, 464 731, 481 796
26804, NORTHERN AMERICA,,905,,   Mexico,484,4 316 624,6 858 058,9 452 861,10 672 250,12 238 357,11 723 388,10 939 885
26901,   Bermuda*,30,60,B,   China*,156,85,128,145,96,40,65,54
26911,   Bermuda*,30,60,B,   India,356,156,220,242,336,445,493,572
27017,   Canada,,124,B,   China*,156, 168 079, 286 712, 412 162, 508 994, 611 990, 645 278, 699 190
27061,   Canada,,124,B,   India,356, 166 640, 240 035, 319 138, 424 855, 517 890, 664 465, 720 083
27095,   Canada,,124,B,   Mexico,484, 18 610, 30 113, 42 332, 61 186, 69 695, 80 090, 86 780
27130,   Canada,,124,B,   Russian Federation,643, 95 333, 71 978, 50 335, 59 964, 73 025, 78 202, 84 735
27156,   Canada,,124,B,   Syrian Arab Republic,760, 10 560, 13 038, 15 827, 18 396, 22 085, 52 635, 57 031
27233,   Greenland*,31,304,B,   China*,156,..,..,1,5,7,11,10
27376,   United States of America*,33,840,B,   China*,156, 773 939,1 058 487,1 348 465,1 607 654,1 922 950,2 676 697,2 184 110
27412,   United States of America*,33,840,B,   India,356, 450 406, 746 337,1 048 517,1 390 605,1 784 284,2 389 639,2 723 764
27436,   United States of America*,33,840,B,   Mexico,484,4 298 014,6 827 945,9 410 529,10 611 064,12 168 662,11 643 298,10 853 105
27457,   United States of America*,33,840,B,   Russian Federation,643, 190 654, 268 967, 348 815, 371 254, 405 679, 386 529, 397 061
27477,   United States of America*,33,840,B,   Syrian Arab Republic,760, 36 782, 46 282, 55 946, 57 569, 61 003, 84 881, 84 169
27611, OCEANIA ,,909,,   China*,156, 113 897, 140 781, 202 921, 318 066, 464 616, 609 887, 806 051
27614, OCEANIA ,,909,,"   China, Taiwan Province of China*",158,..,..,..,..,..,..,..
27633, OCEANIA ,,909,,   India,356, 81 077, 92 570, 112 701, 191 982, 387 253, 520 514, 703 462
27653, OCEANIA ,,909,,   Syrian Arab Republic,760, 5 351, 6 538, 7 320, 8 259, 9 330, 14 170, 26 291
27664, OCEANIA ,,909,,   Russian Federation,643, 9 478, 15 593, 19 668, 22 518, 25 876, 31 465, 37 436
27738, OCEANIA ,,909,,   Mexico,484,777, 1 049, 1 270, 1 820, 3 400, 5 390, 6 881
27894,  Australia and New Zealand,,927,,   China*,156, 106 585, 127 337, 182 590, 302 266, 455 879, 601 472, 797 439
27897,  Australia and New Zealand,,927,,"   China, Taiwan Province of China*",158,..,..,..,..,..,..,..
27916,  Australia and New Zealand,,927,,   India,356, 79 220, 90 756, 111 009, 190 383, 385 583, 518 840, 701 770
27936,  Australia and New Zealand,,927,,   Syrian Arab Republic,760, 5 351, 6 538, 7 320, 8 259, 9 330, 14 170, 26 291
27947,  Australia and New Zealand,,927,,   Russian Federation,643, 9 437, 15 551, 19 637, 22 487, 25 850, 31 439, 37 411
28021,  Australia and New Zealand,,927,,   Mexico,484,777, 1 049, 1 270, 1 820, 3 400, 5 390, 6 881
28153,   Australia*,,36,B,   China*,156, 97 526, 108 346, 144 690, 227 561, 371 550, 508 870, 653 232
28200,   Australia*,,36,B,   India,356, 69 928, 78 297, 90 680, 148 935, 329 510, 449 040, 579 264
28236,   Australia*,,36,B,   Mexico,484,777, 1 049, 1 270, 1 820, 3 400, 5 390, 6 881
28274,   Australia*,,36,B,   Russian Federation,643, 8 365, 12 971, 16 800, 18 107, 20 780, 25 760, 29 254
28299,   Australia*,,36,B,   Syrian Arab Republic,760, 5 351, 6 538, 7 320, 8 259, 9 330, 14 170, 26 291
28394,   New Zealand*,34,554,B,   Russian Federation,643, 1 072, 2 580, 2 837, 4 380, 5 070, 5 679, 8 157
28415,   New Zealand*,34,554,B,   China*,156, 9 059, 18 991, 37 900, 74 705, 84 329, 92 602, 144 207
28419,   New Zealand*,34,554,B,   India,356, 9 292, 12 459, 20 329, 41 448, 56 073, 69 800, 122 506
28549,  Melanesia,,928,,   China*,156, 1 301, 1 301, 1 265, 1 259, 1 310, 1 297, 1 316
28552,  Melanesia,,928,,"   China, Taiwan Province of China*",158,..,..,..,..,..,..,..
28571,  Melanesia,,928,,   India,356, 1 682, 1 618, 1 474, 1 351, 1 409, 1 448, 1 477
28591,  Melanesia,,928,,   Syrian Arab Republic,760,..,..,..,..,..,..,..
28602,  Melanesia,,928,,   Russian Federation,643,41,42,31,31,26,26,25
28676,  Melanesia,,928,,   Mexico,484,..,..,..,..,..,..,..
28772,   Fiji,,242,B R,   China*,156,848,835,833,836,898,925,946
28775,   Fiji,,242,B R,   India,356, 1 443, 1 374, 1 292, 1 169, 1 255, 1 292, 1 321
28835,   New Caledonia*,,540,B,   China*,156,77,89,101,107,114,87,91
28901,   Papua New Guinea,,598,C R,   China*,156,135,138,103,103,87,88,87
28903,   Papua New Guinea,,598,C R,   India,356,239,244,182,182,154,156,156
28912,   Papua New Guinea,,598,C R,   Russian Federation,643,41,42,31,31,26,26,25
28974,   Solomon Islands,,90,B R,   China*,156,241,239,228,213,211,197,192
29152,  Micronesia,,954,,   China*,156, 5 181, 11 157, 17 936, 13 216, 5 974, 5 733, 5 922
29155,  Micronesia,,954,,"   China, Taiwan Province of China*",158,..,..,..,..,..,..,..
29174,  Micronesia,,954,,   India,356,..,..,..,..,..,..,..
29194,  Micronesia,,954,,   Syrian Arab Republic,760,..,..,..,..,..,..,..
29205,  Micronesia,,954,,   Russian Federation,643,..,..,..,..,..,..,..
29279,  Micronesia,,954,,   Mexico,484,..,..,..,..,..,..,..
29372,   Guam*,35,316,B,   China*,156, 1 719, 2 215, 2 710, 2 422, 2 133, 2 152, 2 275
29488,   Marshall Islands,,584,B,   China*,156,40,89,153,231,296,318,318
29607,   Nauru,,520,C R,   China*,156,504,466,428,402,125,198,229
29664,   Northern Mariana Islands*,36,580,B,   China*,156, 2 598, 7 844, 13 566, 9 611, 2 894, 2 592, 2 614
29724,   Palau,,585,B,   China*,156,320,543, 1 079,550,526,473,486
29844,  Polynesia*,,957,,   China*,156,830,986, 1 130, 1 325, 1 453, 1 385, 1 374
29847,  Polynesia*,,957,,"   China, Taiwan Province of China*",158,..,..,..,..,..,..,..
29866,  Polynesia*,,957,,   India,356,175,196,218,248,261,226,215
29886,  Polynesia*,,957,,   Syrian Arab Republic,760,..,..,..,..,..,..,..
29897,  Polynesia*,,957,,   Russian Federation,643,..,..,..,..,..,..,..
29971,  Polynesia*,,957,,   Mexico,484,..,..,..,..,..,..,..
30064,   American Samoa*,,16,B,   China*,156,100,200,299,450,600,598,599
30185,   French Polynesia*,38,258,B R,   China*,156,546,599,641,671,648,615,615
30189,   French Polynesia*,38,258,B R,   India,356,35,38,41,42,41,38,38
30310,   Samoa,,882,B R,   China*,156,93,84,75,70,62,50,46
30429,   Tonga,,776,B R,   China*,156,91,103,115,134,143,122,114
30431,   Tonga,,776,B R,   India,356,140,158,177,206,220,188,177
